"Area","Country","PersonID","Gender","DOB","Surname","GivenName","School","GP"
"Abbey","England","0","Female","1997-03-06 00:00:00","Lawson","Kate","Abbey School","Abbey GP"
"Abbey","England","1","Female","1979-01-18 00:00:00","Buckley","Matilda","Abbey School","Abbey GP"
"Abbey","England","2","Female","1975-08-31 00:00:00","Bryant","Demi","Abbey School","Abbey GP"
"Bagley","England","3","Female","1936-08-26 00:00:00","O'Neill","Francesca","Bagley School","Bagely GP"
"Bagley","England","4","Male","1971-08-26 00:00:00","Bray","Anthony","Bagley School","Bagely GP"
"Bagley","England","5","Male","1979-01-05 00:00:00","Douglas","Liam","Bagley School","Bagely GP"
"Battlefield","England","6","Female","1938-05-20 00:00:00","Chambers","Brooke","Battlefield School","Battlefield GP"
"Battlefield","England","7","Male","1998-05-18 00:00:00","Holland","Reece","Battlefield School","Battlefield GP"
"Battlefield","England","8","Female","2010-08-17 00:00:00","Reid","Jasmine","Battlefield School","Battlefield GP"
"Belle Vue","England","9","Female","1941-03-23 00:00:00","Clements","Niamh","Belle Vue School","Belle Vue GP"
"Belle Vue","England","10","Female","1997-11-19 00:00:00","Ryan","Eve","Belle Vue School","Belle Vue GP"
"Belle Vue","England","11","Female","2006-09-29 00:00:00","Joyce","Kiera","Belle Vue School","Belle Vue GP"
"Bowbrook","England","12","Female","2005-12-29 00:00:00","Frost","Abbie","Bowbrook School","Bowbrook GP"
"Bowbrook","England","13","Female","1986-06-23 00:00:00","Fletcher","Grace","Bowbrook School","Bowbrook GP"
"Bowbrook","England","14","Female","1987-10-04 00:00:00","Jones","Anna","Bowbrook School","Bowbrook GP"
"Castlefields and Ditherington","England","15","Male","2017-01-26 00:00:00","Gibson","Nathan","Castlefields School","Castlefields GP"
"Castlefields and Ditherington","England","16","Male","1996-10-11 00:00:00","Goodwin","Ethan","Castlefields School","Castlefields GP"
"Castlefields and Ditherington","England","17","Female","1982-10-27 00:00:00","Bond","Alexandra","Castlefields School","Castlefields GP"
"Column","England","18","Male","2004-11-08 00:00:00","Pearson","Joel","Column School","Column GP"
"Column","England","19","Female","2010-09-25 00:00:00","Butcher","Cerys","Column School","Column GP"
"Column","England","20","Male","1973-02-26 00:00:00","Giles","Bradley","Column School","Column GP"
"Copthorne","England","21","Male","1941-10-15 00:00:00","Hawkins","Ewan","Copthorne School","Copthorne GP"
"Copthorne","England","22","Female","1975-03-27 00:00:00","Middleton","Georgia","Copthorne School","Copthorne GP"
"Copthorne","England","23","Female","1935-10-28 00:00:00","Curtis","Lucy","Copthorne School","Copthorne GP"
"Harlescott","England","24","Male","1953-10-10 00:00:00","Iqbal","Harry","Harlescott School","Harlescott GP"
"Harlescott","England","25","Female","1966-01-31 00:00:00","Armstrong","Bethany","Harlescott School","Harlescott GP"
"Harlescott","England","26","Male","2003-01-07 00:00:00","Rowley","Thomas","Harlescott School","Harlescott GP"
"Meole","England","27","Male","1992-07-31 00:00:00","Mahmood","Anthony","Meole School","Meole GP"
"Meole","England","28","Female","2012-06-30 00:00:00","Pearce","Keira","Meole School","Meole GP"
"Meole","England","29","Female","2001-09-13 00:00:00","Bolton","Courtney","Meole School","Meole GP"
"Monkmoor","England","30","Male","1952-11-28 00:00:00","Parsons","Andrew","Monkmoor School","Monkmoor GP"
"Monkmoor","England","31","Male","1983-07-08 00:00:00","Barnett","Freddie","Monkmoor School","Monkmoor GP"
"Monkmoor","England","32","Male","1960-09-24 00:00:00","Coleman","Sam","Monkmoor School","Monkmoor GP"
"Porthill","England","33","Male","1964-12-25 00:00:00","Long","Jayden","Porthill School","Porthill GP"
"Porthill","England","34","Female","2000-12-25 00:00:00","Harrison","Danielle","Porthill School","Porthill GP"
"Porthill","England","35","Female","2004-10-31 00:00:00","Webster","Eva","Porthill School","Porthill GP"
"Quarry and Coton Hill","England","36","Female","1958-04-20 00:00:00","Kay","Victoria","Coton Hill School","Quarry GP"
"Quarry and Coton Hill","England","37","Male","1946-12-16 00:00:00","Baxter","Ben","Quarry School","Quarry GP"
"Quarry and Coton Hill","England","38","Male","1979-08-07 00:00:00","Evans","Billy","Coton Hill School","Quarry GP"
"Radbrook","England","39","Female","1969-05-15 00:00:00","McLean","Imogen","Radbrook School","Radbrook GP"
"Radbrook","England","40","Male","2008-06-03 00:00:00","Conway","Joel","Radbrook School","Radbrook GP"
"Radbrook","England","41","Female","1995-02-13 00:00:00","Vincent","Cerys","Radbrook School","Radbrook GP"
"Sundorne","England","42","Female","1987-04-04 00:00:00","Armstrong","Megan","Sundorne School","Sundorne GP"
"Sundorne","England","43","Male","2011-04-21 00:00:00","Hutchinson","Jack","Sundorne School","Sundorne GP"
"Sundorne","England","44","Male","1992-11-20 00:00:00","Sullivan","Jude","Sundorne School","Sundorne GP"
"Sutton and Reabrook","England","45","Female","1967-11-09 00:00:00","Burton","Paige","Reabrook School","Sutton GP"
"Sutton and Reabrook","England","46","Female","1956-04-14 00:00:00","Bibi","Natasha","Sutton School","Sutton GP"
"Sutton and Reabrook","England","47","Male","2017-05-11 00:00:00","Jordan","Samuel","Reabrook School","Sutton GP"
"Underdale","England","48","Female","1963-08-03 00:00:00","Myers","Jasmine","Underdale School","Underdale GP"
"Underdale","England","49","Male","1956-01-04 00:00:00","Dale","Benjamin","Underdale School","Underdale GP"
"Underdale","England","50","Female","1962-04-18 00:00:00","Cook","Olivia","Underdale School","Underdale GP"
